{"cameraMode":{"drawMode":0,"name":"Shaded","section":"Shading Mode"},"sceneLighting":false,"audioPlay":false,"sceneViewState":{"showFog":true,"showMaterialUpdate":false,"showSkybox":false,"showFlares":true,"showImageEffects":true,"showParticleSystems":true},"in2DMode":false,"pivot":{"x":0.2691154479980469,"y":1.1867254972457886,"z":0.1606997847557068},"rotation":{"x":-0.011462309397757054,"y":-0.6633704304695129,"z":0.010148787871003151,"w":-0.7481563687324524},"size":1.42738938331604,"orthographic":false}