{"cameraMode":{"drawMode":0,"name":"Shaded","section":"Shading Mode"},"sceneLighting":false,"audioPlay":false,"sceneViewState":{"showFog":true,"showMaterialUpdate":false,"showSkybox":false,"showFlares":true,"showImageEffects":true,"showParticleSystems":true},"in2DMode":false,"pivot":{"x":0.23166733980178834,"y":1.0376787185668946,"z":-0.15744028985500337},"rotation":{"x":-0.03528624027967453,"y":-0.3584742248058319,"z":0.01355839241296053,"w":-0.932786762714386},"size":6.756707191467285,"orthographic":false}