{"cameraMode":{"drawMode":0,"name":"Shaded","section":"Shading Mode"},"sceneLighting":false,"audioPlay":false,"sceneViewState":{"showFog":true,"showMaterialUpdate":false,"showSkybox":false,"showFlares":true,"showImageEffects":true,"showParticleSystems":true},"in2DMode":false,"pivot":{"x":0.2402557134628296,"y":-0.04158340394496918,"z":0.00591055303812027},"rotation":{"x":-0.09788648784160614,"y":-0.6455791592597961,"z":0.0839473158121109,"w":-0.7527528405189514},"size":0.8870825171470642,"orthographic":false}